number,country,category,source
055 0173619,IT,scam,https://infoconsumotoscana.it/?p=2552
055 0176823,IT,scam,https://infoconsumotoscana.it/?p=2552
055 4652884,IT,scam,https://infoconsumotoscana.it/?p=2552
055 4656510,IT,scam,https://infoconsumotoscana.it/?p=2552
055 4656513,IT,scam,https://infoconsumotoscana.it/?p=2552
055 4656751,IT,scam,https://infoconsumotoscana.it/?p=2552
055 4656773,IT,scam,https://infoconsumotoscana.it/?p=2552
055 4657210,IT,scam,https://infoconsumotoscana.it/?p=2552
055 4657212,IT,scam,https://infoconsumotoscana.it/?p=2552
055 4657302,IT,scam,https://infoconsumotoscana.it/?p=2552
055 4657303,IT,scam,https://infoconsumotoscana.it/?p=2552
055 4657360,IT,scam,https://infoconsumotoscana.it/?p=2552
055 4658910,IT,scam,https://infoconsumotoscana.it/?p=2552
055 4658934,IT,scam,https://infoconsumotoscana.it/?p=2552
055 0938731,IT,scam,https://infoconsumotoscana.it/?p=2552
055 0938737,IT,scam,https://infoconsumotoscana.it/?p=2552
055 4652801,IT,scam,https://infoconsumotoscana.it/?p=2552
055 4657307,IT,scam,https://infoconsumotoscana.it/?p=2552
055 4657313,IT,scam,https://infoconsumotoscana.it/?p=2552
055 4657314,IT,scam,https://infoconsumotoscana.it/?p=2552
055 4657330,IT,scam,https://infoconsumotoscana.it/?p=2552
055 0176082,IT,scam,https://infoconsumotoscana.it/?p=2552
055 4654710,IT,scam,https://infoconsumotoscana.it/?p=2552
055 4654875,IT,scam,https://infoconsumotoscana.it/?p=2552
055 4656102,IT,scam,https://infoconsumotoscana.it/?p=2552
055 4656112,IT,scam,https://infoconsumotoscana.it/?p=2552
055 4657004,IT,scam,https://infoconsumotoscana.it/?p=2552
055 4657678,IT,scam,https://infoconsumotoscana.it/?p=2552
055 4657726,IT,scam,https://infoconsumotoscana.it/?p=2552
0573 1860400,IT,scam,https://infoconsumotoscana.it/?p=2552
055 4657920,IT,scam,https://infoconsumotoscana.it/?p=2552
0586 035003,IT,scam,https://infoconsumotoscana.it/?p=2552
0573 1860537,IT,scam,https://infoconsumotoscana.it/?p=2552
011 19802616,IT,scam,https://infoconsumotoscana.it/?p=2552
0573 1746329,IT,scam,https://infoconsumotoscana.it/?p=2552
055 4654962,IT,scam,https://infoconsumotoscana.it/?p=2552
055 4656164,IT,scam,https://infoconsumotoscana.it/?p=2552
055 4657677,IT,scam,https://infoconsumotoscana.it/?p=2552
055 4657968,IT,scam,https://infoconsumotoscana.it/?p=2552
055 4658473,IT,scam,https://infoconsumotoscana.it/?p=2552
055 4658549,IT,scam,https://infoconsumotoscana.it/?p=2552
0586 035070,IT,scam,https://infoconsumotoscana.it/?p=2552
055 4657828,IT,scam,https://infoconsumotoscana.it/?p=2552
055 4658748,IT,scam,https://infoconsumotoscana.it/?p=2552
055 4657679,IT,scam,https://infoconsumotoscana.it/?p=2552
352 0575157,IT,scam,https://infoconsumotoscana.it/?p=2552
055 4656903,IT,survey,https://infoconsumotoscana.it/?p=2552
346 5095540,IT,scam,https://infoconsumotoscana.it/?p=1872
349 1113073,IT,scam,https://infoconsumotoscana.it/?p=1872
340 6107324,IT,scam,https://infoconsumotoscana.it/?p=1872
347 3824873,IT,scam,https://infoconsumotoscana.it/?p=1872
347 4429070,IT,scam,https://infoconsumotoscana.it/?p=1872
347 3138603,IT,scam,https://infoconsumotoscana.it/?p=1872
347 8365192,IT,scam,https://infoconsumotoscana.it/?p=1872
347 7786318,IT,scam,https://infoconsumotoscana.it/?p=1872
340 8154573,IT,scam,https://infoconsumotoscana.it/?p=1872
347 9596216,IT,scam,https://infoconsumotoscana.it/?p=1872
347 3529181,IT,scam,https://infoconsumotoscana.it/?p=1872
342 5969915,IT,scam,https://infoconsumotoscana.it/?p=1872
347 1064556,IT,scam,https://infoconsumotoscana.it/?p=1872
347 8834815,IT,scam,https://infoconsumotoscana.it/?p=1872
349 0856960,IT,scam,https://infoconsumotoscana.it/?p=1872
346 2536271,IT,scam,https://infoconsumotoscana.it/?p=1872
331 4542772,IT,scam,https://infoconsumotoscana.it/?p=1872
349 6963054,IT,scam,https://infoconsumotoscana.it/?p=1872
334 5809632,IT,scam,https://infoconsumotoscana.it/?p=1872
340 8629717,IT,scam,https://infoconsumotoscana.it/?p=1872
334 3578275,IT,scam,https://infoconsumotoscana.it/?p=1872
348 2792552,IT,scam,https://infoconsumotoscana.it/?p=1872
347 3020988,IT,scam,https://infoconsumotoscana.it/?p=1872
347 7464122,IT,scam,https://infoconsumotoscana.it/?p=1872
347 4703762,IT,scam,https://infoconsumotoscana.it/?p=1872
340 8254259,IT,scam,https://infoconsumotoscana.it/?p=1872
345 5283977,IT,scam,https://infoconsumotoscana.it/?p=1872
347 2412893,IT,scam,https://infoconsumotoscana.it/?p=1872
345 7185663,IT,scam,https://infoconsumotoscana.it/?p=1872
347 5275767,IT,scam,https://infoconsumotoscana.it/?p=1872
346 8735695,IT,scam,https://infoconsumotoscana.it/?p=1872
347 9140505,IT,scam,https://infoconsumotoscana.it/?p=1872
342 5617258,IT,scam,https://infoconsumotoscana.it/?p=1872
347 9893669,IT,scam,https://infoconsumotoscana.it/?p=1872
349 2837725,IT,scam,https://infoconsumotoscana.it/?p=1872
347 9123385,IT,scam,https://infoconsumotoscana.it/?p=1872
340 9798816,IT,scam,https://infoconsumotoscana.it/?p=1872
347 6720832,IT,scam,https://infoconsumotoscana.it/?p=1872
340 8378068,IT,scam,https://infoconsumotoscana.it/?p=1872
345 4415475,IT,scam,https://infoconsumotoscana.it/?p=1872
333 8027356,IT,scam,https://infoconsumotoscana.it/?p=1872
02 55654257,IT,scam,https://infoconsumotoscana.it/?p=1872
347 6254226,IT,scam,https://infoconsumotoscana.it/?p=1872
349 4293400,IT,scam,https://infoconsumotoscana.it/?p=1872
345 0859668,IT,scam,https://infoconsumotoscana.it/?p=1872
340 0057282,IT,scam,https://infoconsumotoscana.it/?p=1872
340 5784868,IT,scam,https://infoconsumotoscana.it/?p=1872
349 1152716,IT,scam,https://infoconsumotoscana.it/?p=1872
340 3151789,IT,scam,https://infoconsumotoscana.it/?p=1872
342 5007233,IT,scam,https://infoconsumotoscana.it/?p=1872
340 1942176,IT,scam,https://infoconsumotoscana.it/?p=1872
348 5109203,IT,scam,https://infoconsumotoscana.it/?p=1872
347 2103555,IT,scam,https://infoconsumotoscana.it/?p=1872
340 8178510,IT,scam,https://infoconsumotoscana.it/?p=1872
347 6396042,IT,scam,https://infoconsumotoscana.it/?p=1872
348 4942402,IT,scam,https://infoconsumotoscana.it/?p=1872
348 3577451,IT,scam,https://infoconsumotoscana.it/?p=1872
045 11171044,IT,scam,https://infoconsumotoscana.it/?p=1872
340 9311358,IT,scam,https://infoconsumotoscana.it/?p=1872
055 4654354,IT,scam,https://infoconsumotoscana.it/?p=1872
055 4654322,IT,scam,https://infoconsumotoscana.it/?p=1872
338 2259466,IT,scam,https://infoconsumotoscana.it/?p=1872
041 2538596,IT,scam,https://infoconsumotoscana.it/?p=1872
055 4654514,IT,scam,https://infoconsumotoscana.it/?p=1872
055 4654590,IT,scam,https://infoconsumotoscana.it/?p=1872
055 4654375,IT,scam,https://infoconsumotoscana.it/?p=1872
342 0558823,IT,survey,https://infoconsumotoscana.it/?p=1872
346 3533645,IT,survey,https://infoconsumotoscana.it/?p=1872
347 2857020,IT,survey,https://infoconsumotoscana.it/?p=1872
02 692927527,IT,telemarketing,https://www.punto-informatico.it/elenco-aggiornato-numeri-spam-diffondono-truffe-telefoniche/
02 22198700,IT,telemarketing,https://www.punto-informatico.it/elenco-aggiornato-numeri-spam-diffondono-truffe-telefoniche/
02 80887028,IT,telemarketing,https://www.punto-informatico.it/elenco-aggiornato-numeri-spam-diffondono-truffe-telefoniche/
02 80887589,IT,telemarketing,https://www.punto-informatico.it/elenco-aggiornato-numeri-spam-diffondono-truffe-telefoniche/
02 80886927,IT,telemarketing,https://www.punto-informatico.it/elenco-aggiornato-numeri-spam-diffondono-truffe-telefoniche/
06 98235201,IT,telemarketing,https://angolodiwindows.com/2026/01/retelit-digital-services-s-p-a-il-lato-oscuro-dei-numeri-fissi-dei-call-center-molesti/
02 1195589346,IT,scam,https://www.melablog.it/chiamate-spam-in-aumento-nonostante-le-nuove-regole-i-numeri-da-bloccare-e-le-truffe-piu-diffuse/
02 1195588724,IT,scam,https://www.melablog.it/chiamate-spam-in-aumento-nonostante-le-nuove-regole-i-numeri-da-bloccare-e-le-truffe-piu-diffuse/
02 1195589348,IT,scam,https://www.melablog.it/chiamate-spam-in-aumento-nonostante-le-nuove-regole-i-numeri-da-bloccare-e-le-truffe-piu-diffuse/
02 1195588733,IT,scam,https://www.melablog.it/chiamate-spam-in-aumento-nonostante-le-nuove-regole-i-numeri-da-bloccare-e-le-truffe-piu-diffuse/
02 1195588727,IT,scam,https://www.melablog.it/chiamate-spam-in-aumento-nonostante-le-nuove-regole-i-numeri-da-bloccare-e-le-truffe-piu-diffuse/
02 1195589292,IT,scam,https://www.melablog.it/chiamate-spam-in-aumento-nonostante-le-nuove-regole-i-numeri-da-bloccare-e-le-truffe-piu-diffuse/
02 1195588725,IT,scam,https://www.melablog.it/chiamate-spam-in-aumento-nonostante-le-nuove-regole-i-numeri-da-bloccare-e-le-truffe-piu-diffuse/
+49 40 655801583,IT,survey,https://www.melablog.it/chiamate-spam-in-aumento-nonostante-le-nuove-regole-i-numeri-da-bloccare-e-le-truffe-piu-diffuse/
+49 40 299961730,IT,scam,https://www.melablog.it/chiamate-spam-in-aumento-nonostante-le-nuove-regole-i-numeri-da-bloccare-e-le-truffe-piu-diffuse/
+44 161 5647042,IT,scam,https://www.melablog.it/chiamate-spam-in-aumento-nonostante-le-nuove-regole-i-numeri-da-bloccare-e-le-truffe-piu-diffuse/
